{
  "mae": 62.79131068811246,
  "rmse": 72.69073639670228,
  "r2": 0.9963097126830246,
  "n_train": 1024326,
  "n_test": 180764
}